"statistic","df","p_value"
4.41481531784084,4,0.352768010925593
